<?xml version="1.0" encoding="UTF-8"?>
<!DOCTYPE mapper PUBLIC "-//mybatis.org//DTD Mapper 3.0//EN"
          "http://mybatis.org/dtd/mybatis-3-mapper.dtd">

<mapper namespace="com.management.empcourse.repository.MemberRepository">
    <resultMap id="member" type="com.management.empcourse.model.Member">
        <id column="empid" property="empid"></id>
        <result></result>

    </resultMap>

    <insert id="save">

    </insert>

    <select id="">
        SELECT * FROM empinfo WHERE empid = #{empid} AND deleted_at IS NULL
    </select>
</mapper>