<?xml version="1.0" encoding="UTF-8"?>
<!DOCTYPE mapper PUBLIC "-//mybatis.org//DTD Mapper 3.0//EN"
          "http://mybatis.org/dtd/mybatis-3-mapper.dtd">

<mapper namespace="com.management.empcourse.repository.MemberRepository">
    <resultMap id="member" type="com.management.empcourse.model.Member">
        <id column="empid" property="empid"></id>
        <result column="name" property="name"></result>
        <result column="age" property="age"></result>
        <result column="sex" property="sex"></result>
        <result column="phonenum" property="phonenum"></result>
        <result column="adress" property="adress"></result>
<!--        <result column=" " property=" "></result>-->
    </resultMap>

    <insert id="save">

    </insert>

    <select id="">
        SELECT * FROM empinfo WHERE empid = #{empid} AND deleted_at IS NULL
        <if test="name != ''">
            <bind name="name_pattern" value="'%' + name + '%'" />
            AND age LIKE #{name_pattern}
        </if>
        <if test="age != ''">
            <bind name="age_pattern" value="'%' + age + '%'" />
            AND age LIKE #{age_pattern}
        </if>
        <if test="sex != ''">
            <bind name="sex_pattern" value="'%' + sex + '%'" />
            AND sex LIKE #{sex_pattern}
        </if>
    </select>

    <select id="selectOne" resultMap="book">
        SELECT * FROM book WHERE id = #{id} AND deleted_at IS NULL
    </select>
</mapper>